{
  "config": {
    "model_name_or_path": "pythia-2.8b-local",
    "output_dir": "outputs/speed_benchmark",
    "mode": "sepllm",
    "seq_lengths": [
      256,
      512,
      1024,
      2048
    ],
    "num_decode_tokens": 128,
    "start_size": 4,
    "recent_size": 252,
    "heavy_size": 128,
    "update_interval": 10,
    "separator_size": 64,
    "local_size": 256
  },
  "results": [
    {
      "seq_length": 256,
      "kv_cache_size": 323,
      "avg_decode_latency_ms": 48.79263749921847,
      "std_decode_latency_ms": 1.599532747103941,
      "total_decode_latency_ms": 6245.457599899964,
      "tokens_per_sec": 20.49489536235907
    },
    {
      "seq_length": 512,
      "kv_cache_size": 323,
      "avg_decode_latency_ms": 50.22913671871265,
      "std_decode_latency_ms": 1.412855175113935,
      "total_decode_latency_ms": 6429.3294999952195,
      "tokens_per_sec": 19.908763425501085
    },
    {
      "seq_length": 1024,
      "kv_cache_size": 322,
      "avg_decode_latency_ms": 50.186393751118885,
      "std_decode_latency_ms": 1.970835790638602,
      "total_decode_latency_ms": 6423.858400143217,
      "tokens_per_sec": 19.925719408314837
    },
    {
      "seq_length": 2048,
      "kv_cache_size": 314,
      "avg_decode_latency_ms": 106.16354765556935,
      "std_decode_latency_ms": 43.75263182772297,
      "total_decode_latency_ms": 13588.934099912876,
      "tokens_per_sec": 9.41942900442947
    }
  ]
}